Source Public IP,Destination Public IP
194.29.39.47,194.29.39.47
104.18.21.226,104.18.21.226
104.18.20.226,104.18.20.226
20.198.119.84,20.198.119.84
35.154.225.5,138.199.14.78
20.198.119.143,35.154.225.5
52.114.44.85,20.198.119.143
34.199.206.146,52.114.44.85
51.104.167.48,34.199.206.146
20.198.118.190,51.104.167.48
142.250.77.170,20.198.118.190
52.184.217.56,142.250.77.170
40.99.34.146,52.184.217.56
40.126.17.133,40.99.34.146
18.67.161.89,40.126.17.133
23.45.162.53,18.67.161.89
169.51.35.187,23.45.162.53
18.67.161.67,169.51.35.187
13.69.109.130,13.69.109.130
20.191.46.109,18.67.161.67
208.91.0.89,169.50.175.19
69.162.124.234,20.191.46.109
52.114.36.189,208.91.0.89
205.210.31.42,69.162.124.234
35.232.111.17,52.114.36.189
104.43.52.220,35.232.111.17
34.160.60.45,104.43.52.220
169.50.145.122,34.160.60.45
20.189.173.2,169.50.145.122
18.67.161.19,20.189.173.2
35.83.125.11,18.67.161.19
52.184.217.37,35.83.125.11
13.71.55.58,52.184.217.37
23.54.94.93,13.71.55.58
142.250.205.227,52.114.36.200
34.117.237.239,23.54.94.93
52.32.182.88,142.250.205.227
35.224.170.84,34.117.237.239
52.184.213.187,52.32.182.88
40.99.8.226,35.224.170.84
40.126.17.134,52.184.213.187
18.67.161.10,40.99.8.226
52.114.36.200,40.126.17.134
41.63.103.0,18.67.161.10
13.107.21.200,41.63.103.0
52.168.112.67,52.168.112.67
172.253.118.108,13.107.21.200
35.186.224.25,172.253.118.108
23.58.18.151,35.186.224.25
213.239.213.142,213.239.213.142
107.178.249.217,107.178.249.217
35.190.82.33,35.190.82.33
185.125.190.49,185.125.190.49
169.45.124.11,169.45.124.11
92.118.39.109,92.118.39.109
193.109.120.192,193.109.120.192
52.33.7.12,52.33.7.12
89.248.165.52,106.51.42.32
106.51.42.32,52.98.123.226
52.98.123.226,20.190.145.140
20.190.145.140,106.51.145.118
106.51.145.118,194.29.39.10
194.29.39.10,104.121.233.220
104.121.233.220,103.53.14.128
103.53.14.128,104.121.252.102
104.121.252.102,40.74.108.123
40.74.108.123,194.29.39.27
3.6.79.86,185.125.190.18
194.29.39.27,20.189.173.5
185.125.190.18,40.99.34.242
20.189.173.5,20.190.145.141
40.99.34.242,52.184.216.226
20.190.145.141,40.127.169.103
52.184.216.226,20.166.126.56
40.127.169.103,169.50.167.125
20.166.126.56,20.189.173.1
169.50.167.125,100.26.14.170
20.189.173.1,41.63.103.128
100.26.14.170,40.64.66.113
41.63.103.128,169.61.81.71
40.64.66.113,23.58.30.164
169.61.81.71,23.58.95.169
23.58.30.164,23.58.95.187
23.58.95.169,54.205.162.115
23.58.95.187,117.18.232.240
54.205.162.115,52.113.194.132
117.18.232.240,35.164.100.136
52.113.194.132,64.185.227.155
220.133.190.58,40.99.71.210
35.164.100.136,40.126.17.132
40.99.71.210,23.9.73.122
40.126.17.132,185.229.191.44
64.185.227.155,51.104.167.186
23.9.73.122,23.58.25.133
185.229.191.44,35.165.93.208
51.104.167.186,52.205.53.95
23.58.25.133,169.50.34.0
35.165.93.208,91.189.91.48
45.83.245.184,20.190.146.39
52.205.53.95,23.58.37.202
169.50.34.0,20.190.146.35
91.189.91.48,23.58.26.226
20.190.146.39,34.96.84.34
23.58.37.202,23.41.186.177
20.190.146.35,13.89.179.8
23.58.26.226,20.118.138.130
34.96.84.34,8.241.137.254
23.41.186.177,8.255.132.126
13.89.179.8,185.125.190.17
107.182.128.40,40.99.34.162
20.118.138.130,20.190.145.160
8.241.137.254,20.205.248.73
45.93.16.228,8.241.133.254
8.255.132.126,51.104.15.253
185.125.190.17,216.58.196.164
185.224.128.213,20.42.65.84
40.99.34.162,52.185.211.133
20.190.145.160,40.126.17.135
184.31.3.90,23.54.93.225
185.126.81.253,23.9.64.157
20.205.248.73,34.120.5.221
8.241.133.254,104.237.62.211
40.100.137.242,40.99.34.210
51.104.15.253,20.190.146.32
216.58.196.164,18.225.36.18
20.42.65.84,20.50.201.195
52.185.211.133,52.98.56.210
40.126.17.135,20.190.146.36
23.54.93.225,52.167.249.196
23.9.64.157,103.101.109.119
34.120.5.221,209.197.3.8
40.99.34.210,34.198.201.100
20.190.146.32,23.9.121.28
168.138.183.176,20.54.25.4
104.237.62.211,49.12.130.236
18.225.36.18,52.98.87.242
20.50.201.195,20.190.146.38
52.98.56.210,52.114.40.19
20.190.146.36,23.41.186.179
52.167.249.196,158.85.222.64
103.101.109.119,142.251.12.109
205.185.121.115,185.125.190.48
209.197.3.8,20.189.173.14
23.9.121.28,169.60.16.243
20.54.25.4,23.41.186.169
49.12.130.236,13.69.239.74
52.98.87.242,52.184.81.210
20.190.146.38,101.0.63.113
52.114.40.19,142.250.196.163
23.41.186.179,34.122.121.32
158.85.222.64,20.44.239.154
142.251.12.109,20.189.173.13
74.82.47.17,18.161.246.4
185.125.190.48,40.126.18.32
20.189.173.14,34.243.160.129
64.62.197.154,13.89.178.27
169.60.16.243,204.79.197.203
23.41.186.169,18.66.53.89
13.69.239.74,20.72.205.209
52.184.81.210,18.66.53.79
94.102.51.9,23.205.101.178
101.0.63.113,52.184.213.21
94.102.61.32,185.229.191.41
142.250.196.163,40.99.34.194
162.243.134.17,20.190.146.33
20.44.239.154,23.205.101.120
20.189.173.13,13.107.21.239
18.161.246.4,20.106.86.13
40.126.18.32,13.33.146.42
34.243.160.129,193.176.31.97
13.89.178.27,40.79.141.154
204.79.197.203,52.98.87.66
18.66.53.89,40.126.18.33
34.198.201.100,18.161.232.73
20.72.205.209,108.159.11.4
18.66.53.79,180.166.23.62
23.205.101.178,204.79.197.200
52.184.213.21,142.250.195.67
185.229.191.41,142.250.195.227
40.99.34.194,52.178.17.3
20.190.146.33,52.184.214.53
23.205.101.120,40.99.34.226
13.107.21.239,142.250.77.131
35.242.142.72,51.104.164.114
20.106.86.13,13.107.42.13
13.33.146.42,20.54.24.148
193.176.31.97,20.42.73.25
40.79.141.154,52.184.217.20
52.98.87.66,13.95.26.4
40.126.18.33,52.123.253.102
18.161.232.73,52.139.176.199
108.159.11.4,187.140.214.9
178.33.108.41,173.231.16.76
180.166.23.62,20.205.104.58
204.79.197.200,216.58.196.170
142.250.195.67,20.189.173.12
142.250.195.227,40.79.141.153
52.178.17.3,40.100.137.242
52.184.214.53,20.42.65.88
40.99.34.226,161.35.233.14
41.216.182.72,85.217.145.45
142.250.77.131,52.140.118.28
51.104.164.114,20.190.146.34
13.107.42.13,52.184.212.181
20.54.24.148,49.12.130.235
20.42.73.25,20.49.150.241
52.184.217.20,23.58.18.151
13.95.26.4,104.208.16.88
52.123.253.102,52.114.36.53
51.210.13.76,40.90.184.73
52.139.176.199,34.107.140.149
187.140.214.9,54.219.13.242
173.231.16.76,192.124.249.22
20.205.104.58,34.102.132.208
216.58.196.170,34.117.232.162
20.189.173.12,20.42.73.26
40.79.141.153,74.125.130.109
149.18.73.155,106.51.144.36
20.42.65.88,13.249.221.119
161.35.233.14,13.32.63.73
85.217.145.45,13.32.63.87
52.140.118.28,13.32.63.10
20.190.146.34,172.217.163.195
52.184.212.181,20.189.173.3
49.12.130.235,52.98.88.242
64.112.75.14,44.238.157.127
20.49.150.241,13.32.63.37
104.208.16.88,52.123.253.86
52.114.36.53,142.250.77.163
40.90.184.73,106.51.145.232
34.107.140.149,142.250.183.228
54.219.13.242,40.99.9.66
8.8.8.8,23.10.236.31
192.124.249.22,52.167.17.97
34.102.132.208,142.250.193.170
34.117.232.162,52.98.58.34
20.42.73.26,4.144.192.86
74.125.130.109,20.42.73.27
106.51.144.36,18.161.246.121
13.249.221.119,18.161.246.71
13.32.63.73,18.161.246.15
13.32.63.87,185.229.191.39
13.32.63.10,20.189.173.9
172.217.163.195,52.98.86.162
20.189.173.3,13.89.179.10
52.98.88.242,8.241.135.126
44.238.157.127,91.189.91.49
13.32.63.37,20.42.72.131
52.123.253.86,23.41.186.203
142.250.77.163,40.126.17.131
106.51.145.232,52.178.17.2
142.250.183.228,104.208.16.90
40.99.9.66,40.125.120.53
23.10.236.31,52.123.253.104
52.167.17.97,13.33.146.124
142.250.193.170,213.239.219.11
52.98.58.34,40.79.150.121
4.144.192.86,47.74.96.31
20.42.73.27,20.190.145.143
18.161.246.121,20.42.65.89
18.161.246.71,20.189.173.4
18.161.246.15,52.137.106.217
185.229.191.39,20.190.145.142
20.189.173.9,205.210.31.18
52.98.86.162,208.184.237.75
13.89.179.10,52.98.59.18
72.251.235.155,159.203.128.7
8.241.135.126,8.241.165.254
91.189.91.49,142.250.193.131
20.42.72.131,106.51.42.27
23.41.186.203,88.198.34.103
40.126.17.131,34.201.188.10
52.178.17.2,106.51.42.10
27.124.5.125,52.98.58.50
104.208.16.90,142.250.195.106
40.125.120.53,20.44.10.123
52.123.253.104,172.104.242.173
13.33.146.124,52.114.32.112
213.239.219.11,20.42.65.90
40.79.150.121,8.241.139.254
20.190.145.143,8.241.164.254
20.42.65.89,40.99.9.50
20.189.173.4,23.57.226.123
52.137.106.217,142.250.182.131
20.190.145.142,96.17.194.170
205.210.31.18,96.17.194.184
208.184.237.75,104.43.140.101
52.98.59.18,185.225.73.130
159.203.128.7,52.98.57.130
8.241.165.254,52.114.15.135
142.250.193.131,52.114.15.134
106.51.42.27,144.76.236.116
88.198.34.103,13.249.221.98
34.201.188.10,13.249.221.92
106.51.42.10,20.219.9.219
52.98.58.50,142.250.182.4
142.250.195.106,154.89.5.116
172.104.242.173,52.168.112.66
20.44.10.123,3.7.185.91
52.114.32.112,23.45.160.131
20.42.65.90,20.50.80.209
8.241.139.254,34.104.35.123
8.241.164.254,23.45.160.28
40.99.9.50,49.15.250.163
23.57.226.123,142.250.195.131
142.250.182.131,184.31.3.90
96.17.194.170,74.125.200.108
96.17.194.184,51.132.193.104
104.43.140.101,8.241.138.126
185.225.73.130,
52.98.57.130,
52.114.15.135,
52.114.15.134,
144.76.236.116,
13.249.221.98,
13.249.221.92,
20.219.9.219,
142.250.182.4,
154.89.5.116,
52.168.112.66,
3.7.185.91,
23.45.160.131,
20.50.80.209,
34.104.35.123,
23.45.160.28,
49.15.250.163,
142.250.195.131,
74.125.200.108,
51.132.193.104,
8.241.138.126,
